id,url
1,https://www.uta-net.com/libs/cacheimg.php?p=kashi&f=300000/291859.jpg
2,https://m.media-amazon.com/images/I/51-zxPTMCUL._SL240_.jpg
3,https://m.media-amazon.com/images/I/61rCIAIkUhL._SL240_.jpg
4,https://m.media-amazon.com/images/I/51Z+Ka2GeKL._SL240_.jpg
5,https://m.media-amazon.com/images/I/511OfjXdeLL._SL240_.jpg
6,https://m.media-amazon.com/images/I/5141d8-+pUL._SL240_.jpg
7,https://m.media-amazon.com/images/I/6170Wd02XJL._SL240_.jpg
8,https://m.media-amazon.com/images/I/61a0RIyPPBL._SL240_.jpg
9,https://m.media-amazon.com/images/I/4142i1GklkL._SL240_.jpg
10,https://m.media-amazon.com/images/I/51okqjnIM4L._SL240_.jpg
11,https://www.uta-net.com/libs/cacheimg.php?p=kashi&f=300000/292043.jpg
12,https://m.media-amazon.com/images/I/510YUp0Df4L._SL240_.jpg
13,https://www.uta-net.com/libs/cacheimg.php?p=kashi&f=290000/284375.jpg
14,https://m.media-amazon.com/images/I/51JJFL+VnJL._SL240_.jpg
15,https://m.media-amazon.com/images/I/61QwM08HpiL._SL240_.jpg
16,https://m.media-amazon.com/images/I/41S0DebVvhL._SL240_.jpg
17,https://www.uta-net.com/libs/cacheimg.php?p=kashi&f=270000/263550.jpg
18,https://m.media-amazon.com/images/I/6178J4RTKLL._SL240_.jpg
19,https://m.media-amazon.com/images/I/41PoyHbtrFL._SL240_.jpg
20,https://m.media-amazon.com/images/I/21J6AQPB6JL._SL240_.jpg
21,https://m.media-amazon.com/images/I/61oaen2qKuL._SL240_.jpg
22,https://www.uta-net.com/libs/cacheimg.php?p=kashi&f=300000/290004.jpg
23,https://m.media-amazon.com/images/I/41IcXCMdXjL._SL240_.jpg
24,https://m.media-amazon.com/images/I/51GpjoGZADL._SL240_.jpg
25,https://m.media-amazon.com/images/I/41-axPhC+fL._SL240_.jpg
26,https://m.media-amazon.com/images/I/51bcLjatxiL._SL240_.jpg
27,https://m.media-amazon.com/images/I/411AfAJjuBL._SL240_.jpg
28,https://m.media-amazon.com/images/I/51z+D6p3m0L._SL240_.jpg
29,https://www.uta-net.com/libs/cacheimg.php?p=kashi&f=290000/284749.jpg
30,https://m.media-amazon.com/images/I/61MoUhLymZL._SL240_.jpg
31,https://m.media-amazon.com/images/I/51nR872WJKL._SL240_.jpg
32,https://www.uta-net.com/libs/cacheimg.php?p=kashi&f=290000/287329.jpg
33,https://m.media-amazon.com/images/I/51gZvFlPJ1L._SL240_.jpg
34,https://m.media-amazon.com/images/I/418Dblfr50L._SL240_.jpg
35,https://m.media-amazon.com/images/I/311ENPFY68L._SL240_.jpg
36,https://m.media-amazon.com/images/I/51AyDwcnNsL._SL240_.jpg
37,*
38,https://m.media-amazon.com/images/I/51LHcUsEA1L._SL240_.jpg
39,https://m.media-amazon.com/images/I/51LCtM7MbYL._SL240_.jpg
40,https://m.media-amazon.com/images/I/51QMF6ZDE4L._SL240_.jpg
41,https://m.media-amazon.com/images/I/51DYiO3XjhL._SL240_.jpg
42,https://www.uta-net.com/libs/cacheimg.php?p=kashi&f=290000/285032.jpg
43,https://m.media-amazon.com/images/I/41ejttoAbqL._SL240_.jpg
44,https://www.uta-net.com/libs/cacheimg.php?p=kashi&f=290000/283673.jpg
45,https://www.uta-net.com/libs/cacheimg.php?p=kashi&f=300000/292792.jpg
46,https://www.uta-net.com/libs/cacheimg.php?p=kashi&f=290000/288380.jpg
47,https://m.media-amazon.com/images/I/61f2kftlG-L._SL240_.jpg
48,https://m.media-amazon.com/images/I/51JJeXmI1ML._SL240_.jpg
49,https://m.media-amazon.com/images/I/41WbToKFFvL._SL240_.jpg
50,https://m.media-amazon.com/images/I/51l2nZCCaKL._SL240_.jpg
51,https://m.media-amazon.com/images/I/41ZSJ83AX7L._SL240_.jpg
52,https://m.media-amazon.com/images/I/51Z5QuImDuL._SL240_.jpg
53,https://m.media-amazon.com/images/I/51qDk8+Ta6L._SL240_.jpg
54,https://www.uta-net.com/libs/cacheimg.php?p=kashi&f=300000/292679.jpg
55,https://www.uta-net.com/libs/cacheimg.php?p=kashi&f=290000/284572.jpg
56,https://m.media-amazon.com/images/I/61X5lEcWMRL._SL240_.jpg
57,https://www.uta-net.com/libs/cacheimg.php?p=kashi&f=300000/291050.jpg
58,https://www.uta-net.com/libs/cacheimg.php?p=kashi&f=290000/289135.jpg
59,https://m.media-amazon.com/images/I/51kdVIkxo8L._SL240_.jpg
60,https://m.media-amazon.com/images/I/517y3iJ2W1L._SL240_.jpg
61,https://m.media-amazon.com/images/I/41B5GG0vwJL._SL240_.jpg
62,https://m.media-amazon.com/images/I/61s61oALEeL._SL240_.jpg
63,https://m.media-amazon.com/images/I/61-fm+HT7cL._SL240_.jpg
64,https://m.media-amazon.com/images/I/518JHBGBZBL._SL240_.jpg
65,https://m.media-amazon.com/images/I/61uoanV7bzL._SL240_.jpg
66,https://m.media-amazon.com/images/I/61CGOGeqEzL._SL240_.jpg
67,https://m.media-amazon.com/images/I/414UrbnVrxL._SL240_.jpg
68,https://m.media-amazon.com/images/I/51Pg4QFcxPL._SL240_.jpg
69,https://www.uta-net.com/libs/cacheimg.php?p=kashi&f=280000/273058.jpg
70,https://m.media-amazon.com/images/I/61X66EhPvML._SL240_.jpg
71,https://www.uta-net.com/libs/cacheimg.php?p=kashi&f=300000/290787.jpg
72,https://m.media-amazon.com/images/I/41f2pXZqxrL._SL240_.jpg
73,https://m.media-amazon.com/images/I/315P8D2CK6L._SL240_.jpg
74,https://m.media-amazon.com/images/I/51ScV1kI4kL._SL240_.jpg
75,https://m.media-amazon.com/images/I/61SO++p4wRL._SL240_.jpg
76,https://m.media-amazon.com/images/I/31eRU7YYbyL._SL240_.jpg
77,https://m.media-amazon.com/images/I/61A51QcrBqL._SL240_.jpg
78,https://m.media-amazon.com/images/I/51gQd4GXA4L._SL240_.jpg
79,https://m.media-amazon.com/images/I/51-xPFJYnXL._SL240_.jpg
80,https://www.uta-net.com/libs/cacheimg.php?p=kashi&f=290000/282826.jpg
81,https://m.media-amazon.com/images/I/613NsE6YBRL._SL240_.jpg
82,https://m.media-amazon.com/images/I/41N15h6aoML._SL240_.jpg
83,https://www.uta-net.com/libs/cacheimg.php?p=kashi&f=290000/283472.jpg
84,https://m.media-amazon.com/images/I/41772ZFV1GL._SL240_.jpg
85,https://m.media-amazon.com/images/I/61UyGmr-bkL._SL240_.jpg
86,https://m.media-amazon.com/images/I/51mLa0Ln1QL._SL240_.jpg
87,https://www.uta-net.com/libs/cacheimg.php?p=kashi&f=300000/292784.jpg
88,https://m.media-amazon.com/images/I/51HhdKHPJQL._SL240_.jpg
89,https://m.media-amazon.com/images/I/51Vo0VcgRoL._SL240_.jpg
90,https://m.media-amazon.com/images/I/51M3rM9vHtL._SL240_.jpg
91,https://m.media-amazon.com/images/I/51whFk2v2xL._SL240_.jpg
92,https://m.media-amazon.com/images/I/51qns9zMUVL._SL240_.jpg
93,https://www.uta-net.com/libs/cacheimg.php?p=kashi&f=300000/291048.jpg
94,https://m.media-amazon.com/images/I/51rLIwXJ2bL._SL240_.jpg
95,https://www.uta-net.com/libs/cacheimg.php?p=kashi&f=290000/281530.jpg
96,https://m.media-amazon.com/images/I/41uZM1LpJjL._SL240_.jpg
97,https://www.uta-net.com/libs/cacheimg.php?p=kashi&f=290000/284491.jpg
98,https://www.uta-net.com/libs/cacheimg.php?p=kashi&f=290000/284748.jpg
99,https://m.media-amazon.com/images/I/51Zqp-2i4eL._SL240_.jpg
100,https://m.media-amazon.com/images/I/411yYJb3jNL._SL240_.jpg
101,https://www.uta-net.com/libs/cacheimg.php?p=kashi&f=280000/277986.jpg
102,https://m.media-amazon.com/images/I/51QXUAvyQVL._SL240_.jpg
103,https://m.media-amazon.com/images/I/515a1jZr8qL._SL240_.jpg
104,https://m.media-amazon.com/images/I/51ojfNiU-OL._SL240_.jpg
105,https://www.uta-net.com/libs/cacheimg.php?p=kashi&f=300000/292194.jpg
106,https://m.media-amazon.com/images/I/61dHk8Lh1-L._SL240_.jpg
107,https://m.media-amazon.com/images/I/510h4rcClHL._SL240_.jpg
108,https://www.uta-net.com/libs/cacheimg.php?p=kashi&f=300000/290289.jpg
109,https://m.media-amazon.com/images/I/61Yuqzy63QL._SL240_.jpg
110,https://www.uta-net.com/libs/cacheimg.php?p=kashi&f=300000/290333.jpg
111,https://m.media-amazon.com/images/I/51UQMyIQVOL._SL240_.jpg
112,https://m.media-amazon.com/images/I/41C+zeSm8ZL._SL240_.jpg
113,https://m.media-amazon.com/images/I/51I2FGI4QIL._SL240_.jpg
114,https://www.uta-net.com/libs/cacheimg.php?p=kashi&f=290000/281357.jpg
115,https://m.media-amazon.com/images/I/31rUA5ygc5L._SL240_.jpg
116,https://www.uta-net.com/libs/cacheimg.php?p=kashi&f=290000/288086.jpg
117,https://m.media-amazon.com/images/I/61K0dxpvoYL._SL240_.jpg
118,https://www.uta-net.com/libs/cacheimg.php?p=kashi&f=290000/287216.jpg
119,https://m.media-amazon.com/images/I/61QVqVqSmSL._SL240_.jpg
120,https://m.media-amazon.com/images/I/61hhuE0hwQL._SL240_.jpg
121,https://www.uta-net.com/libs/cacheimg.php?p=kashi&f=290000/281250.jpg
122,https://m.media-amazon.com/images/I/31HPD4b7S+L._SL240_.jpg
123,https://m.media-amazon.com/images/I/51Wei82Pl3L._SL240_.jpg
124,https://m.media-amazon.com/images/I/41vhgXn4w3L._SL240_.jpg
125,https://m.media-amazon.com/images/I/5148559125L._SL240_.jpg
126,https://m.media-amazon.com/images/I/518b2CSpOvL._SL240_.jpg
127,https://m.media-amazon.com/images/I/61HURKJ-FnL._SL240_.jpg
128,https://m.media-amazon.com/images/I/218G47C3FNL._SL240_.jpg
129,https://m.media-amazon.com/images/I/612JFF6CDcL._SL240_.jpg
130,https://m.media-amazon.com/images/I/51Ji9Ic5WAL._SL240_.jpg
131,https://m.media-amazon.com/images/I/51vX6QRpAzL._SL240_.jpg
132,https://m.media-amazon.com/images/I/61OXqIqQlkL._SL240_.jpg
133,https://m.media-amazon.com/images/I/51fItqVS28L._SL240_.jpg
134,https://m.media-amazon.com/images/I/51kApYUFV9L._SL240_.jpg
135,https://www.uta-net.com/libs/cacheimg.php?p=kashi&f=270000/267262.jpg
136,https://m.media-amazon.com/images/I/51JbN4omaAL._SL240_.jpg
137,https://m.media-amazon.com/images/I/51YxmeVrWPL._SL240_.jpg
138,https://m.media-amazon.com/images/I/51zM8tRFfNL._SL240_.jpg
139,https://m.media-amazon.com/images/I/51URWwHOTBL._SL240_.jpg
140,https://www.uta-net.com/libs/cacheimg.php?p=kashi&f=300000/291826.jpg
141,https://www.uta-net.com/libs/cacheimg.php?p=kashi&f=280000/272085.jpg
142,https://m.media-amazon.com/images/I/51B75XHSFHL._SL240_.jpg
143,https://m.media-amazon.com/images/I/51eq-ojXa0L._SL240_.jpg
144,https://m.media-amazon.com/images/I/31YMY+FXwKL._SL240_.jpg
145,https://m.media-amazon.com/images/I/61c4JujVQGL._SL240_.jpg
146,https://www.uta-net.com/libs/cacheimg.php?p=kashi&f=280000/275263.jpg
147,https://m.media-amazon.com/images/I/61TXKZtp6zL._SL240_.jpg
148,https://m.media-amazon.com/images/I/31LsI5qqRsL._SL240_.jpg
149,https://m.media-amazon.com/images/I/51bFz-ulizL._SL240_.jpg
150,https://m.media-amazon.com/images/I/51+C18Lq69L._SL240_.jpg
151,https://m.media-amazon.com/images/I/61rdCAe923L._SL240_.jpg
152,https://m.media-amazon.com/images/I/41SsL0stReL._SL240_.jpg
153,https://www.uta-net.com/libs/cacheimg.php?p=kashi&f=290000/288552.jpg
154,https://m.media-amazon.com/images/I/51SHzjh0dCL._SL240_.jpg
155,https://www.uta-net.com/libs/cacheimg.php?p=kashi&f=290000/287542.jpg
156,https://www.uta-net.com/libs/cacheimg.php?p=kashi&f=290000/280076.jpg
157,https://m.media-amazon.com/images/I/41qWyxxpitL._SL240_.jpg
158,https://www.uta-net.com/libs/cacheimg.php?p=kashi&f=300000/292676.jpg
159,https://m.media-amazon.com/images/I/51ZsVIMARhL._SL240_.jpg
160,https://m.media-amazon.com/images/I/41+CNi+VYxL._SL240_.jpg
161,https://www.uta-net.com/libs/cacheimg.php?p=kashi&f=290000/280477.jpg
162,https://m.media-amazon.com/images/I/51PrCkHYMqL._SL240_.jpg
163,https://m.media-amazon.com/images/I/51L0WT553NL._SL240_.jpg
164,https://m.media-amazon.com/images/I/515Cu2-TcZL._SL240_.jpg
165,https://www.uta-net.com/libs/cacheimg.php?p=kashi&f=290000/288046.jpg
166,https://www.uta-net.com/libs/cacheimg.php?p=kashi&f=290000/285262.jpg
167,https://www.uta-net.com/libs/cacheimg.php?p=kashi&f=290000/280460.jpg
168,https://www.uta-net.com/libs/cacheimg.php?p=kashi&f=290000/286886.jpg
169,https://m.media-amazon.com/images/I/51MsqS0RltL._SL240_.jpg
170,https://m.media-amazon.com/images/I/61bf6Uld9EL._SL240_.jpg
171,https://www.uta-net.com/libs/cacheimg.php?p=kashi&f=300000/292534.jpg
172,https://m.media-amazon.com/images/I/61nSspvNopL._SL240_.jpg
173,https://www.uta-net.com/libs/cacheimg.php?p=kashi&f=290000/289196.jpg
174,https://www.uta-net.com/libs/cacheimg.php?p=kashi&f=270000/268602.jpg
175,https://m.media-amazon.com/images/I/41xYRTHmGyL._SL240_.jpg
176,https://www.uta-net.com/libs/cacheimg.php?p=kashi&f=290000/286906.jpg
177,https://m.media-amazon.com/images/I/3182WK3JYFL._SL240_.jpg
178,https://m.media-amazon.com/images/I/41EMB3DSQPL._SL240_.jpg
179,https://www.uta-net.com/libs/cacheimg.php?p=kashi&f=290000/287890.jpg
180,https://www.uta-net.com/libs/cacheimg.php?p=kashi&f=300000/292329.jpg
181,https://m.media-amazon.com/images/I/51QhcVqn3KL._SL240_.jpg
182,https://m.media-amazon.com/images/I/51WMVvCbmBL._SL240_.jpg
183,https://www.uta-net.com/libs/cacheimg.php?p=kashi&f=300000/292340.jpg
184,https://www.uta-net.com/libs/cacheimg.php?p=kashi&f=300000/292180.jpg
185,https://m.media-amazon.com/images/I/61spC36ApKL._SL240_.jpg
186,https://m.media-amazon.com/images/I/518E-mR-PlL._SL240_.jpg
187,https://m.media-amazon.com/images/I/41FhdoKI1aL._SL240_.jpg
188,https://m.media-amazon.com/images/I/51jJTBoSX5L._SL240_.jpg
189,https://m.media-amazon.com/images/I/41DR+glw+HL._SL240_.jpg
190,https://m.media-amazon.com/images/I/61iTwBOrLRL._SL240_.jpg
191,https://m.media-amazon.com/images/I/51gtUcNquoL._SL240_.jpg
192,https://m.media-amazon.com/images/I/41N6xh7zuTL._SL240_.jpg
193,https://m.media-amazon.com/images/I/51nmepQV5kL._SL240_.jpg
194,https://m.media-amazon.com/images/I/61l2GmUWxgL._SL240_.jpg
195,https://m.media-amazon.com/images/I/510rcC8NWML._SL240_.jpg
196,https://m.media-amazon.com/images/I/61K4QksNHGL._SL240_.jpg
197,https://www.uta-net.com/libs/cacheimg.php?p=kashi&f=290000/289076.jpg
198,https://m.media-amazon.com/images/I/51KyIzzO3gL._SL240_.jpg
199,https://m.media-amazon.com/images/I/61GBo6p0a5L._SL240_.jpg
200,https://m.media-amazon.com/images/I/61n25YICr2L._SL240_.jpg
201,https://www.uta-net.com/libs/cacheimg.php?p=kashi&f=300000/292400.jpg
202,https://www.uta-net.com/libs/cacheimg.php?p=kashi&f=300000/292439.jpg
203,https://www.uta-net.com/libs/cacheimg.php?p=kashi&f=280000/273816.jpg
204,https://m.media-amazon.com/images/I/61XCSDX+MWL._SL240_.jpg
205,https://www.uta-net.com/libs/cacheimg.php?p=kashi&f=300000/292398.jpg
206,https://www.uta-net.com/libs/cacheimg.php?p=kashi&f=230000/224538.jpg
207,https://www.uta-net.com/libs/cacheimg.php?p=kashi&f=290000/284445.jpg
208,https://m.media-amazon.com/images/I/41oLbhMzp1L._SL240_.jpg
209,https://m.media-amazon.com/images/I/51PjfAa+hgL._SL240_.jpg
210,https://m.media-amazon.com/images/I/61+f-D6DbWL._SL240_.jpg
211,https://m.media-amazon.com/images/I/51NNX4Z345L._SL240_.jpg
212,https://www.uta-net.com/libs/cacheimg.php?p=kashi&f=300000/292628.jpg
213,https://m.media-amazon.com/images/I/61DtYxT77hL._SL240_.jpg
214,https://m.media-amazon.com/images/I/51S4BKBTGPL._SL240_.jpg
215,https://m.media-amazon.com/images/I/21lAurm1leL._SL240_.jpg
216,https://m.media-amazon.com/images/I/41BQ80YS4BL._SL240_.jpg
217,https://m.media-amazon.com/images/I/61N8o-4uZtL._SL240_.jpg
218,https://m.media-amazon.com/images/I/51GQOsLmlEL._SL240_.jpg
219,https://m.media-amazon.com/images/I/21MBFF1AMCL._SL240_.jpg
220,https://m.media-amazon.com/images/I/51JP0Hy2qZL._SL240_.jpg
221,https://m.media-amazon.com/images/I/61R7LVWPI-L._SL240_.jpg
222,https://m.media-amazon.com/images/I/61aHk8pk6AL._SL240_.jpg
223,https://m.media-amazon.com/images/I/416JJ694RHL._SL240_.jpg
224,https://www.uta-net.com/libs/cacheimg.php?p=kashi&f=300000/292659.jpg
225,https://m.media-amazon.com/images/I/41rVN0BqAEL._SL240_.jpg
226,https://m.media-amazon.com/images/I/51CTk1pc17L._SL240_.jpg
227,https://m.media-amazon.com/images/I/61B4ggR0WQL._SL240_.jpg
228,https://m.media-amazon.com/images/I/51qHykHRUmL._SL240_.jpg
229,https://m.media-amazon.com/images/I/61cBBeHoCtL._SL240_.jpg
230,https://m.media-amazon.com/images/I/41jmgNoOyoL._SL240_.jpg
231,https://m.media-amazon.com/images/I/51EmFf00CML._SL240_.jpg
232,https://m.media-amazon.com/images/I/518i57keANL._SL240_.jpg
233,https://m.media-amazon.com/images/I/51cvwM24hFL._SL240_.jpg
234,https://m.media-amazon.com/images/I/51XYG7AMl-L._SL240_.jpg
235,https://m.media-amazon.com/images/I/61ZqsYdwZOL._SL240_.jpg
236,https://m.media-amazon.com/images/I/419RMRHZ45L._SL240_.jpg
237,https://m.media-amazon.com/images/I/51G+iGwJNAL._SL240_.jpg
238,https://www.uta-net.com/libs/cacheimg.php?p=kashi&f=290000/287913.jpg
239,https://www.uta-net.com/libs/cacheimg.php?p=kashi&f=290000/287326.jpg
240,https://m.media-amazon.com/images/I/41n1MMOoj5L._SL240_.jpg
241,https://www.uta-net.com/libs/cacheimg.php?p=kashi&f=290000/285326.jpg
242,https://m.media-amazon.com/images/I/31BA01KF5TL._SL240_.jpg
243,https://www.uta-net.com/libs/cacheimg.php?p=kashi&f=290000/288953.jpg
244,https://m.media-amazon.com/images/I/41pTVHKXJAL._SL240_.jpg
245,https://m.media-amazon.com/images/I/513Y3tJyt+L._SL240_.jpg
246,https://m.media-amazon.com/images/I/51b6y0a873L._SL240_.jpg
247,https://m.media-amazon.com/images/I/31EZZ0849KL._SL240_.jpg
248,https://m.media-amazon.com/images/I/51aCNuM4RNL._SL240_.jpg
249,https://m.media-amazon.com/images/I/61rLB0Aq+OL._SL240_.jpg
250,https://m.media-amazon.com/images/I/51JYm8MmGjL._SL240_.jpg
251,https://www.uta-net.com/libs/cacheimg.php?p=kashi&f=300000/292882.jpg
252,https://www.uta-net.com/libs/cacheimg.php?p=kashi&f=300000/292881.jpg
253,https://m.media-amazon.com/images/I/51y+u5zVI5L._SL240_.jpg
254,https://m.media-amazon.com/images/I/413FCJXT4PL._SL240_.jpg
255,https://m.media-amazon.com/images/I/61iM6oreq0L._SL240_.jpg
256,https://m.media-amazon.com/images/I/61wDxuhLfiL._SL240_.jpg
257,https://www.uta-net.com/libs/cacheimg.php?p=kashi&f=300000/292952.jpg
258,https://m.media-amazon.com/images/I/51qW7R1zW0L._SL240_.jpg
259,https://www.uta-net.com/libs/cacheimg.php?p=kashi&f=300000/292953.jpg
260,https://www.uta-net.com/libs/cacheimg.php?p=kashi&f=300000/293096.jpg
261,https://m.media-amazon.com/images/I/31nVctyYosL._SL240_.jpg
262,https://m.media-amazon.com/images/I/51Hgxq6nC4L._SL240_.jpg
263,https://www.uta-net.com/libs/cacheimg.php?p=kashi&f=300000/293100.jpg
264,https://m.media-amazon.com/images/I/41hfALTCtvL._SL240_.jpg
265,https://m.media-amazon.com/images/I/31RT4F3B26L._SL240_.jpg
266,https://www.uta-net.com/libs/cacheimg.php?p=kashi&f=180000/177991.jpg
267,https://m.media-amazon.com/images/I/61jxx26OuaL._SL240_.jpg
268,https://m.media-amazon.com/images/I/41DAa8H6TUL._SL240_.jpg
269,https://www.uta-net.com/libs/cacheimg.php?p=kashi&f=300000/292735.jpg
270,https://m.media-amazon.com/images/I/31IcHufFLkL._SL240_.jpg
271,https://www.uta-net.com/libs/cacheimg.php?p=kashi&f=290000/288702.jpg
272,https://m.media-amazon.com/images/I/61H6rRecn1L._SL240_.jpg
273,https://www.uta-net.com/libs/cacheimg.php?p=kashi&f=300000/291770.jpg
274,https://m.media-amazon.com/images/I/61WB9jL2JHL._SL240_.jpg
275,https://m.media-amazon.com/images/I/41cBMTy-nHL._SL240_.jpg
276,https://www.uta-net.com/libs/cacheimg.php?p=kashi&f=300000/292862.jpg
277,https://m.media-amazon.com/images/I/41ZX-nPS29L._SL240_.jpg
278,https://m.media-amazon.com/images/I/51k0y0DY3OL._SL240_.jpg
279,https://m.media-amazon.com/images/I/4114UlVHdYL._SL240_.jpg
280,https://m.media-amazon.com/images/I/61hM4kO+czL._SL240_.jpg
281,https://m.media-amazon.com/images/I/61TRz-F0uwL._SL240_.jpg
282,https://www.uta-net.com/libs/cacheimg.php?p=kashi&f=300000/293302.jpg
283,https://m.media-amazon.com/images/I/51ufBITmI-L._SL240_.jpg
284,https://m.media-amazon.com/images/I/41SOtLRhEBL._SL240_.jpg
285,https://www.uta-net.com/libs/cacheimg.php?p=kashi&f=300000/293474.jpg
286,https://m.media-amazon.com/images/I/61oHjZR1UQL._SL240_.jpg
287,https://www.uta-net.com/libs/cacheimg.php?p=kashi&f=290000/287983.jpg
288,https://m.media-amazon.com/images/I/51dQJoawkRL._SL240_.jpg
289,https://m.media-amazon.com/images/I/51atenSQ3zL._SL240_.jpg
290,https://www.uta-net.com/libs/cacheimg.php?p=kashi&f=290000/288161.jpg
291,https://m.media-amazon.com/images/I/412BMZ4JWHL._SL240_.jpg
292,https://m.media-amazon.com/images/I/41WJKJFP67L._SL240_.jpg
293,https://m.media-amazon.com/images/I/514btM+ctvL._SL240_.jpg
294,https://m.media-amazon.com/images/I/51jGhzBV8dL._SL240_.jpg
295,https://m.media-amazon.com/images/I/61R6eBUu-1L._SL240_.jpg
296,https://m.media-amazon.com/images/I/51v5ospJAbL._SL240_.jpg
297,https://m.media-amazon.com/images/I/51LZ-C0mk-L._SL240_.jpg
298,https://m.media-amazon.com/images/I/415K306KGYL._SL240_.jpg
299,https://m.media-amazon.com/images/I/61K6ei+tEFL._SL240_.jpg
300,https://m.media-amazon.com/images/I/413lcWRV8sL._SL240_.jpg
301,https://m.media-amazon.com/images/I/51h+h4SrA5L._SL240_.jpg
302,https://m.media-amazon.com/images/I/51fsJfsPpNL._SL240_.jpg
303,https://m.media-amazon.com/images/I/31-ryQaG2YL._SL240_.jpg
304,https://m.media-amazon.com/images/I/516PgTDD8pL._SL240_.jpg
305,https://m.media-amazon.com/images/I/41BIcIDblKL._SL240_.jpg
306,https://m.media-amazon.com/images/I/51nkJowEf9L._SL240_.jpg
307,https://m.media-amazon.com/images/I/51Xr83WevDL._SL240_.jpg
308,https://www.uta-net.com/libs/cacheimg.php?p=kashi&f=300000/293339.jpg
309,https://m.media-amazon.com/images/I/51kkrJqHTuL._SL240_.jpg
310,https://m.media-amazon.com/images/I/51M4jS9TanL._SL240_.jpg
311,https://m.media-amazon.com/images/I/41Bf0Z6vpDL._SL240_.jpg
312,https://m.media-amazon.com/images/I/61F7NI+VzHL._SL240_.jpg
313,https://www.uta-net.com/libs/cacheimg.php?p=kashi&f=280000/271874.jpg
314,https://m.media-amazon.com/images/I/51NuAM+p2lL._SL240_.jpg
315,https://m.media-amazon.com/images/I/317RnY2ULxL._SL240_.jpg
316,https://m.media-amazon.com/images/I/51DuIJYTl-L._SL240_.jpg
317,https://www.uta-net.com/libs/cacheimg.php?p=kashi&f=300000/293161.jpg
318,https://m.media-amazon.com/images/I/217vuAeff5L._SL240_.jpg
319,https://m.media-amazon.com/images/I/41S9sIzp2AL._SL240_.jpg
320,https://www.uta-net.com/libs/cacheimg.php?p=kashi&f=300000/292751.jpg
321,https://m.media-amazon.com/images/I/51ifn-43P9L._SL240_.jpg
322,https://m.media-amazon.com/images/I/515pzZ4aJuL._SL240_.jpg
323,https://m.media-amazon.com/images/I/51-IvZFVzkL._SL240_.jpg
324,https://m.media-amazon.com/images/I/514zj3-k9mL._SL240_.jpg
325,https://m.media-amazon.com/images/I/51BcAWGFHtL._SL240_.jpg
326,https://www.uta-net.com/libs/cacheimg.php?p=kashi&f=300000/293089.jpg
327,https://m.media-amazon.com/images/I/51oLewmrV9L._SL240_.jpg
328,https://m.media-amazon.com/images/I/61jUf-pPjwL._SL240_.jpg
329,https://m.media-amazon.com/images/I/31hgB-zIPqL._SL240_.jpg
330,https://www.uta-net.com/libs/cacheimg.php?p=kashi&f=300000/292274.jpg
331,https://www.uta-net.com/libs/cacheimg.php?p=kashi&f=260000/256722.jpg
332,https://m.media-amazon.com/images/I/61od6qwvFnL._SL240_.jpg
333,https://m.media-amazon.com/images/I/51cX-0dT1mL._SL240_.jpg
334,https://m.media-amazon.com/images/I/51qfXgty2TL._SL240_.jpg
335,https://m.media-amazon.com/images/I/519LQwyzsUL._SL240_.jpg
336,https://www.uta-net.com/libs/cacheimg.php?p=kashi&f=290000/286101.jpg
337,https://m.media-amazon.com/images/I/41NZ1AMN7SL._SL240_.jpg
338,https://m.media-amazon.com/images/I/51i1YTYZkEL._SL240_.jpg
339,https://m.media-amazon.com/images/I/41GYTZF0B9L._SL240_.jpg
340,https://m.media-amazon.com/images/I/51vgB0r+XRL._SL240_.jpg
341,https://www.uta-net.com/libs/cacheimg.php?p=kashi&f=300000/291051.jpg
342,https://www.uta-net.com/libs/cacheimg.php?p=kashi&f=300000/293304.jpg
343,https://m.media-amazon.com/images/I/615iPguIu5L._SL240_.jpg
344,https://m.media-amazon.com/images/I/61wuYHMccGL._SL240_.jpg
345,https://m.media-amazon.com/images/I/51baY4VD-6L._SL240_.jpg
346,https://www.uta-net.com/libs/cacheimg.php?p=kashi&f=290000/283136.jpg
347,https://www.uta-net.com/libs/cacheimg.php?p=kashi&f=300000/293303.jpg
348,https://m.media-amazon.com/images/I/31FSR9CEQQL._SL240_.jpg
349,https://m.media-amazon.com/images/I/51JCPV9TBQL._SL240_.jpg
350,https://www.uta-net.com/libs/cacheimg.php?p=kashi&f=290000/285440.jpg
351,https://m.media-amazon.com/images/I/510kyvyYMJL._SL240_.jpg
352,https://m.media-amazon.com/images/I/512OI9BFWmL._SL240_.jpg
353,https://m.media-amazon.com/images/I/51wRlD6mlHL._SL240_.jpg
354,https://m.media-amazon.com/images/I/61B44rIKzXL._SL240_.jpg
355,https://m.media-amazon.com/images/I/31SE0GA7I6L._SL240_.jpg
356,https://m.media-amazon.com/images/I/41l5A5tN5SL._SL240_.jpg
357,https://m.media-amazon.com/images/I/51XyC4x2mOL._SL240_.jpg
358,https://m.media-amazon.com/images/I/51BvKmvug0L._SL240_.jpg
359,https://m.media-amazon.com/images/I/41NMBsFZG9L._SL240_.jpg
360,https://m.media-amazon.com/images/I/51FTow7yUHL._SL240_.jpg
361,https://m.media-amazon.com/images/I/61LYzaUfZ1L._SL240_.jpg
362,https://m.media-amazon.com/images/I/51v5BD-RKTL._SL240_.jpg
363,https://m.media-amazon.com/images/I/51UGtLEEC3L._SL240_.jpg
364,https://www.uta-net.com/libs/cacheimg.php?p=kashi&f=280000/275641.jpg
365,https://m.media-amazon.com/images/I/514h9Q7fovL._SL240_.jpg
366,https://m.media-amazon.com/images/I/218SGVF15TL._SL240_.jpg
367,https://www.uta-net.com/libs/cacheimg.php?p=kashi&f=300000/293804.jpg
368,https://m.media-amazon.com/images/I/61lvqftCdvL._SL240_.jpg
369,https://m.media-amazon.com/images/I/51PvtJcT11L._SL240_.jpg
370,https://m.media-amazon.com/images/I/51Dp1fTScqL._SL240_.jpg
371,https://m.media-amazon.com/images/I/31y4DMCbG9L._SL240_.jpg
372,https://m.media-amazon.com/images/I/510H6OjhAPL._SL240_.jpg
373,https://m.media-amazon.com/images/I/61X4Eo6FgSL._SL240_.jpg
374,https://m.media-amazon.com/images/I/61LgjuLvEgL._SL240_.jpg
375,https://m.media-amazon.com/images/I/51thQn6DxmL._SL240_.jpg
376,https://m.media-amazon.com/images/I/51hKtFzPrDL._SL240_.jpg
377,https://m.media-amazon.com/images/I/41gwg27z6mL._SL240_.jpg
378,https://m.media-amazon.com/images/I/41Mtbw5S6UL._SL240_.jpg
379,https://m.media-amazon.com/images/I/61SNIrP0P0L._SL240_.jpg
380,https://m.media-amazon.com/images/I/61439PiJPOL._SL240_.jpg
381,https://m.media-amazon.com/images/I/51hc0xFs9LL._SL240_.jpg
382,https://m.media-amazon.com/images/I/515+oq2xipL._SL240_.jpg
383,https://m.media-amazon.com/images/I/316+GBtwxqL._SL240_.jpg
384,https://m.media-amazon.com/images/I/419aR3cQ8XL._SL240_.jpg
385,https://m.media-amazon.com/images/I/61Hy62sT3RL._SL240_.jpg
386,https://m.media-amazon.com/images/I/61oSCw4TgRL._SL240_.jpg
387,https://m.media-amazon.com/images/I/61ha8RiDOYL._SL240_.jpg
388,https://www.uta-net.com/libs/cacheimg.php?p=kashi&f=300000/293635.jpg
389,https://m.media-amazon.com/images/I/51oc9u31x3L._SL240_.jpg
390,https://m.media-amazon.com/images/I/51eGdEYromL._SL240_.jpg
391,https://m.media-amazon.com/images/I/41CP2GS045L._SL240_.jpg
392,https://m.media-amazon.com/images/I/615ksM6bz9L._SL240_.jpg
393,https://m.media-amazon.com/images/I/617qDfzyz5L._SL240_.jpg
394,https://www.uta-net.com/libs/cacheimg.php?p=kashi&f=300000/293827.jpg
395,https://www.uta-net.com/libs/cacheimg.php?p=kashi&f=300000/293099.jpg
396,https://m.media-amazon.com/images/I/51qf2pN7JNL._SL240_.jpg
397,https://m.media-amazon.com/images/I/618FPnRCPFL._SL240_.jpg
398,https://m.media-amazon.com/images/I/514ceFmQ-WL._SL240_.jpg
399,https://m.media-amazon.com/images/I/51ZaJ5u7wnL._SL240_.jpg
400,https://m.media-amazon.com/images/I/51F0UkU7UGL._SL240_.jpg
401,https://m.media-amazon.com/images/I/51g3wU1gosL._SL240_.jpg
402,https://m.media-amazon.com/images/I/51hAPO2bKuL._SL240_.jpg
403,https://m.media-amazon.com/images/I/51BqY-LwlWL._SL240_.jpg
404,https://m.media-amazon.com/images/I/61Ua6SVm6rL._SL240_.jpg
405,https://m.media-amazon.com/images/I/51ClkvAC7fL._SL240_.jpg
406,https://m.media-amazon.com/images/I/412iLufXzCL._SL240_.jpg
407,https://m.media-amazon.com/images/I/51HcY1hqOiL._SL240_.jpg
408,https://m.media-amazon.com/images/I/51htYBK-gKL._SL240_.jpg
409,https://m.media-amazon.com/images/I/51hru4GiWtL._SL240_.jpg
410,https://www.uta-net.com/libs/cacheimg.php?p=kashi&f=290000/287328.jpg
411,https://www.uta-net.com/libs/cacheimg.php?p=kashi&f=300000/293446.jpg
412,https://m.media-amazon.com/images/I/61ikRskmfjL._SL240_.jpg
413,https://m.media-amazon.com/images/I/51ymZNYXnZL._SL240_.jpg
414,https://www.uta-net.com/libs/cacheimg.php?p=kashi&f=300000/294091.jpg
415,https://m.media-amazon.com/images/I/41VTVYeepwL._SL240_.jpg
416,https://m.media-amazon.com/images/I/51pQImKBvGL._SL240_.jpg
417,https://m.media-amazon.com/images/I/21ZKDPD979L._SL240_.jpg
418,https://m.media-amazon.com/images/I/313JHM9PJVL._SL240_.jpg
419,https://m.media-amazon.com/images/I/410cR-ATXJL._SL240_.jpg
420,https://m.media-amazon.com/images/I/41mfnrECF7L._SL240_.jpg
421,https://www.uta-net.com/libs/cacheimg.php?p=kashi&f=290000/287327.jpg
422,https://www.uta-net.com/libs/cacheimg.php?p=kashi&f=300000/293690.jpg
423,https://www.uta-net.com/libs/cacheimg.php?p=kashi&f=270000/262867.jpg
424,https://m.media-amazon.com/images/I/41u57y0TnvL._SL240_.jpg
425,https://m.media-amazon.com/images/I/417G2GJYDPL._SL240_.jpg
426,https://m.media-amazon.com/images/I/414RTGECMTL._SL240_.jpg
427,https://m.media-amazon.com/images/I/41PMV9YRNQL._SL240_.jpg
428,https://m.media-amazon.com/images/I/412g0+8DNmL._SL240_.jpg
429,https://m.media-amazon.com/images/I/61Hh+qbPozL._SL240_.jpg
430,https://m.media-amazon.com/images/I/51glz2E2+PL._SL240_.jpg
431,https://www.uta-net.com/libs/cacheimg.php?p=kashi&f=300000/294312.jpg
432,https://m.media-amazon.com/images/I/11VGVJYG89L._SL240_.jpg
433,https://www.uta-net.com/libs/cacheimg.php?p=kashi&f=300000/292166.jpg
434,https://www.uta-net.com/libs/cacheimg.php?p=kashi&f=300000/293578.jpg
435,https://m.media-amazon.com/images/I/61UMuCbWyRL._SL240_.jpg
436,https://m.media-amazon.com/images/I/61T18mqiJDL._SL240_.jpg
437,https://m.media-amazon.com/images/I/51g3FP42WQL._SL240_.jpg
438,https://m.media-amazon.com/images/I/41TJM3rMCLL._SL240_.jpg
439,https://m.media-amazon.com/images/I/51q0AM8cJyL._SL240_.jpg
440,https://m.media-amazon.com/images/I/619br0RxubL._SL240_.jpg
441,https://m.media-amazon.com/images/I/61OxcpHPSHL._SL240_.jpg
442,https://m.media-amazon.com/images/I/41XY10BC2JL._SL240_.jpg
443,https://m.media-amazon.com/images/I/51i0sYI0x-L._SL240_.jpg
444,https://www.uta-net.com/libs/cacheimg.php?p=kashi&f=290000/289195.jpg
445,https://m.media-amazon.com/images/I/61PZ99CuaqL._SL240_.jpg
446,https://m.media-amazon.com/images/I/51RNf8ddmqL._SL240_.jpg
447,https://m.media-amazon.com/images/I/512WNQnyMQL._SL240_.jpg
448,https://m.media-amazon.com/images/I/51NLOwy8cFL._SL240_.jpg
449,https://www.uta-net.com/libs/cacheimg.php?p=kashi&f=290000/289361.jpg
450,https://m.media-amazon.com/images/I/51BH1xOmdFL._SL240_.jpg
451,https://www.uta-net.com/libs/cacheimg.php?p=kashi&f=300000/293235.jpg
452,https://m.media-amazon.com/images/I/51DvhXW70uL._SL240_.jpg
453,https://m.media-amazon.com/images/I/51qT12ULlXL._SL240_.jpg
454,https://m.media-amazon.com/images/I/612cmLe5xSL._SL240_.jpg
455,https://m.media-amazon.com/images/I/61wSBqSwC0L._SL240_.jpg
456,https://m.media-amazon.com/images/I/51oXNnYQPaL._SL240_.jpg
457,https://www.uta-net.com/libs/cacheimg.php?p=kashi&f=300000/294394.jpg
458,https://m.media-amazon.com/images/I/51aABPc9I5L._SL240_.jpg
459,https://m.media-amazon.com/images/I/31XD55NEN7L._SL240_.jpg
460,https://www.uta-net.com/libs/cacheimg.php?p=kashi&f=300000/294388.jpg
461,https://m.media-amazon.com/images/I/41NEZFLXsZL._SL240_.jpg
462,https://m.media-amazon.com/images/I/41axbGJWHdL._SL240_.jpg
463,https://m.media-amazon.com/images/I/51ZP55APJPL._SL240_.jpg
464,https://m.media-amazon.com/images/I/11XS75MSMML._SL240_.jpg
465,https://m.media-amazon.com/images/I/51FM3s1t9tL._SL240_.jpg
466,https://m.media-amazon.com/images/I/51BTN+iXzRL._SL240_.jpg
467,https://m.media-amazon.com/images/I/61qPCgQUSrL._SL240_.jpg
468,https://m.media-amazon.com/images/I/61PnXcyVDDL._SL240_.jpg
469,https://m.media-amazon.com/images/I/510zSfAFebL._SL240_.jpg
470,https://m.media-amazon.com/images/I/51A0UIoCG7L._SL240_.jpg
471,https://m.media-amazon.com/images/I/61uWBATKlTL._SL240_.jpg
472,https://m.media-amazon.com/images/I/314WYKUmfyL._SL240_.jpg
473,https://m.media-amazon.com/images/I/31Ih+DLlTDL._SL240_.jpg
474,https://m.media-amazon.com/images/I/41PHBvivfhL._SL240_.jpg
475,https://m.media-amazon.com/images/I/51xNDhgEMfL._SL240_.jpg
476,https://m.media-amazon.com/images/I/41rz81z0P7L._SL240_.jpg
477,https://m.media-amazon.com/images/I/41zq8aZ2O9L._SL240_.jpg
478,https://www.uta-net.com/libs/cacheimg.php?p=kashi&f=300000/294396.jpg
479,https://m.media-amazon.com/images/I/518QXR4YKQL._SL240_.jpg
480,https://m.media-amazon.com/images/I/41NBHjuoKtL._SL240_.jpg
481,https://www.uta-net.com/libs/cacheimg.php?p=kashi&f=300000/294421.jpg
482,https://m.media-amazon.com/images/I/51wtplHlECL._SL240_.jpg
483,https://m.media-amazon.com/images/I/31UM3JB3ImL._SL240_.jpg
484,https://m.media-amazon.com/images/I/61YyxjfcbHL._SL240_.jpg
485,https://m.media-amazon.com/images/I/31W2C4JTRVL._SL240_.jpg
486,https://www.uta-net.com/libs/cacheimg.php?p=kashi&f=300000/294319.jpg
487,https://m.media-amazon.com/images/I/61pg67pWb1L._SL240_.jpg
488,https://m.media-amazon.com/images/I/51E3+gz9MjL._SL240_.jpg
489,https://m.media-amazon.com/images/I/61v13qjbyYL._SL240_.jpg
490,https://m.media-amazon.com/images/I/61VlfPzh57L._SL240_.jpg
491,https://www.uta-net.com/libs/cacheimg.php?p=kashi&f=300000/294614.jpg
492,https://m.media-amazon.com/images/I/51FnS3KqT1L._SL240_.jpg
493,https://m.media-amazon.com/images/I/512vcvsFp4L._SL240_.jpg
494,https://m.media-amazon.com/images/I/41z5zW73WAL._SL240_.jpg
495,https://www.uta-net.com/libs/cacheimg.php?p=kashi&f=300000/294680.jpg
496,https://www.uta-net.com/libs/cacheimg.php?p=kashi&f=290000/287373.jpg
497,https://m.media-amazon.com/images/I/61zy+R6WWjL._SL240_.jpg
498,https://m.media-amazon.com/images/I/41XTCJ9ECDL._SL240_.jpg
499,https://m.media-amazon.com/images/I/21SBCSBYWML._SL240_.jpg
500,https://www.uta-net.com/libs/cacheimg.php?p=kashi&f=300000/294597.jpg
501,https://m.media-amazon.com/images/I/412sV9THB0L._SL240_.jpg
502,https://m.media-amazon.com/images/I/41MUyE2PKXL._SL240_.jpg
503,https://www.uta-net.com/libs/cacheimg.php?p=kashi&f=300000/294164.jpg
504,https://www.uta-net.com/libs/cacheimg.php?p=kashi&f=300000/293669.jpg
505,https://m.media-amazon.com/images/I/21weA2up7oL._SL240_.jpg
506,https://m.media-amazon.com/images/I/51Y0QAM7M6L._SL240_.jpg
507,https://www.uta-net.com/libs/cacheimg.php?p=kashi&f=300000/294704.jpg
508,https://m.media-amazon.com/images/I/31HgYDF5G6L._SL240_.jpg
509,https://m.media-amazon.com/images/I/51mJnn0GuHL._SL240_.jpg
510,https://www.uta-net.com/libs/cacheimg.php?p=kashi&f=300000/293670.jpg
511,https://m.media-amazon.com/images/I/61zGS1m998L._SL240_.jpg
512,https://m.media-amazon.com/images/I/61IkmBT+KHL._SL240_.jpg
513,https://m.media-amazon.com/images/I/51pPWSW28UL._SL240_.jpg
514,https://www.uta-net.com/libs/cacheimg.php?p=kashi&f=300000/294543.jpg
515,https://m.media-amazon.com/images/I/51qUvGplb-L._SL240_.jpg
516,https://m.media-amazon.com/images/I/51NaFDS1+4L._SL240_.jpg
517,https://m.media-amazon.com/images/I/41RW8Z6489L._SL240_.jpg
518,https://www.uta-net.com/libs/cacheimg.php?p=kashi&f=280000/272239.jpg
519,https://m.media-amazon.com/images/I/51P8YKNqKzL._SL240_.jpg
520,https://m.media-amazon.com/images/I/51vCDFiPg8L._SL240_.jpg
521,https://m.media-amazon.com/images/I/51usZT-NZkL._SL240_.jpg
522,https://www.uta-net.com/libs/cacheimg.php?p=kashi&f=300000/294541.jpg
523,https://www.uta-net.com/libs/cacheimg.php?p=kashi&f=300000/294771.jpg
