id,link
0,hogehoge.com
1,https://itunes.apple.com/jp/album/id1533208084?i=1533208085&uo=4&app=itunes&at=1l3v3es
2,https://itunes.apple.com/jp/album/id1459216693?i=1459216694&uo=4&app=itunes&at=1l3v3es
3,*
4,https://itunes.apple.com/jp/album/id1478290250?i=1478290680&uo=4&app=itunes&at=1l3v3es
5,https://itunes.apple.com/jp/album/id1534819831?i=1534819832&uo=4&app=itunes&at=1l3v3es
6,https://itunes.apple.com/jp/album/id206148128?i=206148203&uo=4&app=itunes&at=1l3v3es
7,https://itunes.apple.com/jp/album/id1508133094?i=1508133095&uo=4&app=itunes&at=1l3v3es
8,https://itunes.apple.com/jp/album/id1479397582?i=1479397583&uo=4&app=itunes&at=1l3v3es
9,https://itunes.apple.com/jp/album/id1533609044?i=1533609045&uo=4&app=itunes&at=1l3v3es
10,https://itunes.apple.com/jp/album/id1178031172?i=1178031187&uo=4&app=itunes&at=1l3v3es
11,https://itunes.apple.com/jp/album/id1505478864?i=1505478865&uo=4&app=itunes&at=1l3v3es
12,https://itunes.apple.com/jp/album/id1520323299?i=1520323300&uo=4&app=itunes&at=1l3v3es
13,https://itunes.apple.com/jp/album/id1491123946?i=1491123948&uo=4&app=itunes&at=1l3v3es
14,https://itunes.apple.com/jp/album/id1508347200?i=1508347204&uo=4&app=itunes&at=1l3v3es
15,https://itunes.apple.com/jp/album/id1451896731?i=1451896732&uo=4&app=itunes&at=1l3v3es
16,https://itunes.apple.com/jp/album/id1141763312?i=1141763418&uo=4&app=itunes&at=1l3v3es
17,https://itunes.apple.com/jp/album/id715706762?i=715708921&uo=4&app=itunes&at=1l3v3es
18,https://itunes.apple.com/jp/album/id950628211?i=950628223&uo=4&app=itunes&at=1l3v3es
19,https://itunes.apple.com/jp/album/id1528119626?i=1528119630&uo=4&app=itunes&at=1l3v3es
20,https://itunes.apple.com/jp/album/id1492963534?i=1492963535&uo=4&app=itunes&at=1l3v3es
21,https://itunes.apple.com/jp/album/id1374108987?i=1374109000&uo=4&app=itunes&at=1l3v3es
22,https://itunes.apple.com/jp/album/id1494833658?i=1494833659&uo=4&app=itunes&at=1l3v3es
23,https://itunes.apple.com/jp/album/id1521414178?i=1521414459&uo=4&app=itunes&at=1l3v3es
24,https://itunes.apple.com/jp/album/id1505498769?i=1505498795&uo=4&app=itunes&at=1l3v3es
25,https://itunes.apple.com/jp/album/id1441482866?i=1441482867&uo=4&app=itunes&at=1l3v3es
26,https://itunes.apple.com/jp/album/id1494399110?i=1494399118&uo=4&app=itunes&at=1l3v3es
27,https://itunes.apple.com/jp/album/id533373510?i=533373600&uo=4&app=itunes&at=1l3v3es
28,https://itunes.apple.com/jp/album/id1438704925?i=1438704929&uo=4&app=itunes&at=1l3v3es
29,https://itunes.apple.com/jp/album/id1519410580?i=1519410583&uo=4&app=itunes&at=1l3v3es
30,https://itunes.apple.com/jp/album/id582186071?i=582186107&uo=4&app=itunes&at=1l3v3es
31,https://itunes.apple.com/jp/album/id1532240365?i=1532240682&uo=4&app=itunes&at=1l3v3es
32,https://itunes.apple.com/jp/album/id1292541373?i=1292541846&uo=4&app=itunes&at=1l3v3es
33,https://itunes.apple.com/jp/album/id1505498769?i=1505498779&uo=4&app=itunes&at=1l3v3es
34,https://itunes.apple.com/jp/album/id1404218759?i=1404218767&uo=4&app=itunes&at=1l3v3es
35,https://itunes.apple.com/jp/album/id1521414178?i=1521414185&uo=4&app=itunes&at=1l3v3es
36,https://itunes.apple.com/jp/album/id1503460731?i=1503460737&uo=4&app=itunes&at=1l3v3es
37,https://itunes.apple.com/jp/album/id1531418208?i=1531418216&uo=4&app=itunes&at=1l3v3es
38,https://itunes.apple.com/jp/album/id1522626949?i=1522626950&uo=4&app=itunes&at=1l3v3es
39,https://itunes.apple.com/jp/album/id963632218?i=963633140&uo=4&app=itunes&at=1l3v3es
40,https://itunes.apple.com/jp/album/id1489122415?i=1489122416&uo=4&app=itunes&at=1l3v3es
41,https://itunes.apple.com/jp/album/id1525539754?i=1525540119&uo=4&app=itunes&at=1l3v3es
42,https://itunes.apple.com/jp/album/id433086273?i=433086444&uo=4&app=itunes&at=1l3v3es
43,https://itunes.apple.com/jp/album/id1479397582?i=1479397584&uo=4&app=itunes&at=1l3v3es
44,https://itunes.apple.com/jp/album/id1504038574?i=1504038727&uo=4&app=itunes&at=1l3v3es
45,https://itunes.apple.com/jp/album/id1518164956?i=1518164957&uo=4&app=itunes&at=1l3v3es
46,https://itunes.apple.com/jp/album/id1530135666?i=1530135667&uo=4&app=itunes&at=1l3v3es
47,https://itunes.apple.com/jp/album/id1521414178?i=1521414182&uo=4&app=itunes&at=1l3v3es
48,https://itunes.apple.com/jp/album/id1524242314?i=1524242315&uo=4&app=itunes&at=1l3v3es
49,https://itunes.apple.com/jp/album/id1463473548?i=1463473550&uo=4&app=itunes&at=1l3v3es
50,https://itunes.apple.com/jp/album/id984426527?i=984426767&uo=4&app=itunes&at=1l3v3es
51,https://itunes.apple.com/jp/album/id1206728576?i=1206728672&uo=4&app=itunes&at=1l3v3es
52,https://itunes.apple.com/jp/album/id1394013451?i=1394013615&uo=4&app=itunes&at=1l3v3es
53,https://itunes.apple.com/jp/album/id273169161?i=273169347&uo=4&app=itunes&at=1l3v3es
54,https://itunes.apple.com/jp/album/id1505478976?i=1505478977&uo=4&app=itunes&at=1l3v3es
55,https://itunes.apple.com/jp/album/id1499292552?i=1499292558&uo=4&app=itunes&at=1l3v3es
56,https://itunes.apple.com/jp/album/id1533401114?i=1533401116&uo=4&app=itunes&at=1l3v3es
57,https://itunes.apple.com/jp/album/id1476511580?i=1476511583&uo=4&app=itunes&at=1l3v3es
58,https://itunes.apple.com/jp/album/id1441633532?i=1441633607&uo=4&app=itunes&at=1l3v3es
59,https://itunes.apple.com/jp/album/id1292541373?i=1292541850&uo=4&app=itunes&at=1l3v3es
60,https://itunes.apple.com/jp/album/id1530011440?i=1530011442&uo=4&app=itunes&at=1l3v3es
61,https://itunes.apple.com/jp/album/id75466337?i=75465805&uo=4&app=itunes&at=1l3v3es
62,https://itunes.apple.com/jp/album/id690397816?i=690397818&uo=4&app=itunes&at=1l3v3es
63,https://itunes.apple.com/jp/album/id1059632443?i=1059632451&uo=4&app=itunes&at=1l3v3es
64,https://itunes.apple.com/jp/album/id1532188552?i=1532188553&uo=4&app=itunes&at=1l3v3es
65,https://itunes.apple.com/jp/album/id1059632443?i=1059632454&uo=4&app=itunes&at=1l3v3es
66,https://itunes.apple.com/jp/album/id1439392774?i=1439392775&uo=4&app=itunes&at=1l3v3es
67,https://itunes.apple.com/jp/album/id1526658550?i=1526658552&uo=4&app=itunes&at=1l3v3es
68,https://itunes.apple.com/jp/album/id1500695429?i=1500695430&uo=4&app=itunes&at=1l3v3es
69,https://itunes.apple.com/jp/album/id1521414178?i=1521414181&uo=4&app=itunes&at=1l3v3es
70,https://itunes.apple.com/jp/album/id1521414178?i=1521414179&uo=4&app=itunes&at=1l3v3es
71,https://itunes.apple.com/jp/album/id1439388989?i=1439388990&uo=4&app=itunes&at=1l3v3es
72,https://itunes.apple.com/jp/album/id1502502692?i=1502502693&uo=4&app=itunes&at=1l3v3es
73,https://itunes.apple.com/jp/album/id592044194?i=592044195&uo=4&app=itunes&at=1l3v3es
74,https://itunes.apple.com/jp/album/id1292541373?i=1292541886&uo=4&app=itunes&at=1l3v3es
75,https://itunes.apple.com/jp/album/id1039793113?i=1039793121&uo=4&app=itunes&at=1l3v3es
76,https://itunes.apple.com/jp/album/id1472479375?i=1472479680&uo=4&app=itunes&at=1l3v3es
77,https://itunes.apple.com/jp/album/id1475739737?i=1475739739&uo=4&app=itunes&at=1l3v3es
78,https://itunes.apple.com/jp/album/id1442510894?i=1442511586&uo=4&app=itunes&at=1l3v3es
79,https://itunes.apple.com/jp/album/id1414216078?i=1414216695&uo=4&app=itunes&at=1l3v3es
80,https://itunes.apple.com/jp/album/id1468234376?i=1468234377&uo=4&app=itunes&at=1l3v3es
81,https://itunes.apple.com/jp/album/id1530217186?i=1530217187&uo=4&app=itunes&at=1l3v3es
82,https://itunes.apple.com/jp/album/id1496933734?i=1496933735&uo=4&app=itunes&at=1l3v3es
83,https://itunes.apple.com/jp/album/id1461440777?i=1461440783&uo=4&app=itunes&at=1l3v3es
84,https://itunes.apple.com/jp/album/id1506849808?i=1506849814&uo=4&app=itunes&at=1l3v3es
85,https://itunes.apple.com/jp/album/id1490256978?i=1490256995&uo=4&app=itunes&at=1l3v3es
86,https://itunes.apple.com/jp/album/id1487744574?i=1487744576&uo=4&app=itunes&at=1l3v3es
87,https://itunes.apple.com/jp/album/id1455340999?i=1455341000&uo=4&app=itunes&at=1l3v3es
88,https://itunes.apple.com/jp/album/id955796371?i=955796497&uo=4&app=itunes&at=1l3v3es
89,https://itunes.apple.com/jp/album/id1483721805?i=1483721809&uo=4&app=itunes&at=1l3v3es
90,https://itunes.apple.com/jp/album/id1318606095?i=1318606108&uo=4&app=itunes&at=1l3v3es
91,https://itunes.apple.com/jp/album/id1523022713?i=1523022714&uo=4&app=itunes&at=1l3v3es
92,https://itunes.apple.com/jp/album/id1528937901?i=1528937910&uo=4&app=itunes&at=1l3v3es
93,https://itunes.apple.com/jp/album/id1528275249?i=1528275251&uo=4&app=itunes&at=1l3v3es
94,https://itunes.apple.com/jp/album/id1529408163?i=1529408164&uo=4&app=itunes&at=1l3v3es
95,https://itunes.apple.com/jp/album/id1455955689?i=1455955703&uo=4&app=itunes&at=1l3v3es
96,https://itunes.apple.com/jp/album/id1446781785?i=1446781787&uo=4&app=itunes&at=1l3v3es
97,https://itunes.apple.com/jp/album/id1486753960?i=1486753966&uo=4&app=itunes&at=1l3v3es
98,https://itunes.apple.com/jp/album/id1501480102?i=1501480114&uo=4&app=itunes&at=1l3v3es
99,https://itunes.apple.com/jp/album/id1520198755?i=1520198760&uo=4&app=itunes&at=1l3v3es
100,https://itunes.apple.com/jp/album/id1154388500?i=1154388655&uo=4&app=itunes&at=1l3v3es
101,https://itunes.apple.com/jp/album/id1460439001?i=1460439002&uo=4&app=itunes&at=1l3v3es
102,https://itunes.apple.com/jp/album/id1167463173?i=1167463709&uo=4&app=itunes&at=1l3v3es
103,https://itunes.apple.com/jp/album/id1495919554?i=1495919555&uo=4&app=itunes&at=1l3v3es
104,https://itunes.apple.com/jp/album/id1180805521?i=1180805780&uo=4&app=itunes&at=1l3v3es
105,https://itunes.apple.com/jp/album/id520531138?i=520531141&uo=4&app=itunes&at=1l3v3es
106,https://itunes.apple.com/jp/album/id1273709789?i=1273709797&uo=4&app=itunes&at=1l3v3es
107,https://itunes.apple.com/jp/album/id749731682?i=749731783&uo=4&app=itunes&at=1l3v3es
108,https://itunes.apple.com/jp/album/id1050544564?i=1050544816&uo=4&app=itunes&at=1l3v3es
109,https://itunes.apple.com/jp/album/id1070146893?i=1070147082&uo=4&app=itunes&at=1l3v3es
110,https://itunes.apple.com/jp/album/id1229933632?i=1229933643&uo=4&app=itunes&at=1l3v3es
111,https://itunes.apple.com/jp/album/id950163878?i=950163879&uo=4&app=itunes&at=1l3v3es
112,https://itunes.apple.com/jp/album/id1180805521?i=1180806407&uo=4&app=itunes&at=1l3v3es
113,https://itunes.apple.com/jp/album/id1468228241?i=1468228242&uo=4&app=itunes&at=1l3v3es
114,https://itunes.apple.com/jp/album/id1265022897?i=1265022907&uo=4&app=itunes&at=1l3v3es
115,https://itunes.apple.com/jp/album/id1420019298?i=1420019802&uo=4&app=itunes&at=1l3v3es
116,https://itunes.apple.com/jp/album/id1440791809?i=1440792118&uo=4&app=itunes&at=1l3v3es
117,https://itunes.apple.com/jp/album/id1531458895?i=1531458899&uo=4&app=itunes&at=1l3v3es
118,https://itunes.apple.com/jp/album/id1533203262?i=1533203274&uo=4&app=itunes&at=1l3v3es
119,https://itunes.apple.com/jp/album/id1474730136?i=1474730137&uo=4&app=itunes&at=1l3v3es
120,https://itunes.apple.com/jp/album/id1250237998?i=1250238524&uo=4&app=itunes&at=1l3v3es
121,https://itunes.apple.com/jp/album/id1521414178?i=1521414463&uo=4&app=itunes&at=1l3v3es
122,https://itunes.apple.com/jp/album/id714611356?i=714611440&uo=4&app=itunes&at=1l3v3es
123,https://itunes.apple.com/jp/album/id1510476293?i=1510476631&uo=4&app=itunes&at=1l3v3es
124,https://itunes.apple.com/jp/album/id1502527092?i=1502527097&uo=4&app=itunes&at=1l3v3es
125,https://itunes.apple.com/jp/album/id1297889685?i=1297889689&uo=4&app=itunes&at=1l3v3es
126,https://itunes.apple.com/jp/album/id1489891089?i=1489891092&uo=4&app=itunes&at=1l3v3es
127,https://itunes.apple.com/jp/album/id1521414178?i=1521414460&uo=4&app=itunes&at=1l3v3es
128,https://itunes.apple.com/jp/album/id1531847478?i=1531847485&uo=4&app=itunes&at=1l3v3es
129,https://itunes.apple.com/jp/album/id592030379?i=592030387&uo=4&app=itunes&at=1l3v3es
130,https://itunes.apple.com/jp/album/id1271271744?i=1271272058&uo=4&app=itunes&at=1l3v3es
131,https://itunes.apple.com/jp/album/id1523255475?i=1523255476&uo=4&app=itunes&at=1l3v3es
132,https://itunes.apple.com/jp/album/id1374108987?i=1374108997&uo=4&app=itunes&at=1l3v3es
133,https://itunes.apple.com/jp/album/id472262108?i=472262148&uo=4&app=itunes&at=1l3v3es
134,https://itunes.apple.com/jp/album/id1519406006?i=1519406007&uo=4&app=itunes&at=1l3v3es
135,https://itunes.apple.com/jp/album/id1487570513?i=1487570518&uo=4&app=itunes&at=1l3v3es
136,https://itunes.apple.com/jp/album/id1479397582?i=1479397865&uo=4&app=itunes&at=1l3v3es
137,https://itunes.apple.com/jp/album/id1485697870?i=1485697872&uo=4&app=itunes&at=1l3v3es
138,https://itunes.apple.com/jp/album/id1354291125?i=1354291833&uo=4&app=itunes&at=1l3v3es
139,https://itunes.apple.com/jp/album/id1451557406?i=1451557409&uo=4&app=itunes&at=1l3v3es
140,https://itunes.apple.com/jp/album/id1499788029?i=1499788032&uo=4&app=itunes&at=1l3v3es
141,https://itunes.apple.com/jp/album/id1408505088?i=1408505419&uo=4&app=itunes&at=1l3v3es
142,https://itunes.apple.com/jp/album/id339892444?i=339892531&uo=4&app=itunes&at=1l3v3es
143,https://itunes.apple.com/jp/album/id1521414178?i=1521414458&uo=4&app=itunes&at=1l3v3es
144,https://itunes.apple.com/jp/album/id1523598192?i=1523598194&uo=4&app=itunes&at=1l3v3es
145,https://itunes.apple.com/jp/album/id1509494398?i=1509494402&uo=4&app=itunes&at=1l3v3es
146,https://itunes.apple.com/jp/album/id1492694456?i=1492694469&uo=4&app=itunes&at=1l3v3es
147,https://itunes.apple.com/jp/album/id1519145202?i=1519145204&uo=4&app=itunes&at=1l3v3es
148,https://itunes.apple.com/jp/album/id1445145788?i=1445145789&uo=4&app=itunes&at=1l3v3es
149,https://itunes.apple.com/jp/album/id1442510894?i=1442512143&uo=4&app=itunes&at=1l3v3es
150,https://itunes.apple.com/jp/album/id925252932?i=925252944&uo=4&app=itunes&at=1l3v3es
151,https://itunes.apple.com/jp/album/id1478109978?i=1478109979&uo=4&app=itunes&at=1l3v3es
152,https://itunes.apple.com/jp/album/id1394013451?i=1394013614&uo=4&app=itunes&at=1l3v3es
153,https://itunes.apple.com/jp/album/id1475232910?i=1475233528&uo=4&app=itunes&at=1l3v3es
154,https://itunes.apple.com/jp/album/id1525173677?i=1525173679&uo=4&app=itunes&at=1l3v3es
155,https://itunes.apple.com/jp/album/id1478109978?i=1478109981&uo=4&app=itunes&at=1l3v3es
156,https://itunes.apple.com/jp/album/id1534199321?i=1534199322&uo=4&app=itunes&at=1l3v3es
157,https://itunes.apple.com/jp/album/id1504038574?i=1504038730&uo=4&app=itunes&at=1l3v3es
158,https://itunes.apple.com/jp/album/id1519740112?i=1519740257&uo=4&app=itunes&at=1l3v3es
159,https://itunes.apple.com/jp/album/id919904159?i=919904180&uo=4&app=itunes&at=1l3v3es
160,https://itunes.apple.com/jp/album/id1532240365?i=1532240366&uo=4&app=itunes&at=1l3v3es
161,https://itunes.apple.com/jp/album/id1216560208?i=1216560215&uo=4&app=itunes&at=1l3v3es
162,https://itunes.apple.com/jp/album/id1489118271?i=1489118273&uo=4&app=itunes&at=1l3v3es
163,https://itunes.apple.com/jp/album/id1523022713?i=1523022716&uo=4&app=itunes&at=1l3v3es
164,https://itunes.apple.com/jp/album/id683136025?i=683136977&uo=4&app=itunes&at=1l3v3es
165,https://itunes.apple.com/jp/album/id1519740112?i=1519740256&uo=4&app=itunes&at=1l3v3es
166,https://itunes.apple.com/jp/album/id1532050852?i=1532050855&uo=4&app=itunes&at=1l3v3es
167,https://itunes.apple.com/jp/album/id1494069891?i=1494070215&uo=4&app=itunes&at=1l3v3es
168,https://itunes.apple.com/jp/album/id472262108?i=472262160&uo=4&app=itunes&at=1l3v3es
169,https://itunes.apple.com/jp/album/id1520367283?i=1520367284&uo=4&app=itunes&at=1l3v3es
170,https://itunes.apple.com/jp/album/id595628512?i=595628542&uo=4&app=itunes&at=1l3v3es
171,https://itunes.apple.com/jp/album/id1535012809?i=1535012810&uo=4&app=itunes&at=1l3v3es
172,https://itunes.apple.com/jp/album/id1524320224?i=1524320225&uo=4&app=itunes&at=1l3v3es
173,https://itunes.apple.com/jp/album/id1348177013?i=1348177152&uo=4&app=itunes&at=1l3v3es
174,https://itunes.apple.com/jp/album/id1474061924?i=1474062330&uo=4&app=itunes&at=1l3v3es
175,https://itunes.apple.com/jp/album/id1209483692?i=1209483694&uo=4&app=itunes&at=1l3v3es
176,https://itunes.apple.com/jp/album/id1491123946?i=1491123949&uo=4&app=itunes&at=1l3v3es
177,https://itunes.apple.com/jp/album/id1506703092?i=1506703095&uo=4&app=itunes&at=1l3v3es
178,https://itunes.apple.com/jp/album/id1250709912?i=1250709921&uo=4&app=itunes&at=1l3v3es
179,https://itunes.apple.com/jp/album/id1447938409?i=1447938412&uo=4&app=itunes&at=1l3v3es
180,https://itunes.apple.com/jp/album/id1193481131?i=1193481435&uo=4&app=itunes&at=1l3v3es
181,https://itunes.apple.com/jp/album/id1533401114?i=1533401117&uo=4&app=itunes&at=1l3v3es
182,https://itunes.apple.com/jp/album/id1534682398?i=1534682707&uo=4&app=itunes&at=1l3v3es
183,https://itunes.apple.com/jp/album/id1533401114?i=1533401118&uo=4&app=itunes&at=1l3v3es
184,https://itunes.apple.com/jp/album/id1449555773?i=1449556048&uo=4&app=itunes&at=1l3v3es
185,https://itunes.apple.com/jp/album/id389730549?i=389730553&uo=4&app=itunes&at=1l3v3es
186,https://itunes.apple.com/jp/album/id1021874028?i=1021874547&uo=4&app=itunes&at=1l3v3es
187,https://itunes.apple.com/jp/album/id118594595?i=118593606&uo=4&app=itunes&at=1l3v3es
188,https://itunes.apple.com/jp/album/id1533414465?i=1533414869&uo=4&app=itunes&at=1l3v3es
189,https://itunes.apple.com/jp/album/id1533618333?i=1533618334&uo=4&app=itunes&at=1l3v3es
190,https://itunes.apple.com/jp/album/id1140086483?i=1140086495&uo=4&app=itunes&at=1l3v3es
191,https://itunes.apple.com/jp/album/id1216560208?i=1216560219&uo=4&app=itunes&at=1l3v3es
192,https://itunes.apple.com/jp/album/id1534682685?i=1534682690&uo=4&app=itunes&at=1l3v3es
193,https://itunes.apple.com/jp/album/id1143992407?i=1143992597&uo=4&app=itunes&at=1l3v3es
194,https://itunes.apple.com/jp/album/id1532240365?i=1532240369&uo=4&app=itunes&at=1l3v3es
195,https://itunes.apple.com/jp/album/id1532240365?i=1532240685&uo=4&app=itunes&at=1l3v3es
196,https://itunes.apple.com/jp/album/id1180805521?i=1180806420&uo=4&app=itunes&at=1l3v3es
197,https://itunes.apple.com/jp/album/id555923644?i=555923753&uo=4&app=itunes&at=1l3v3es
198,https://itunes.apple.com/jp/album/id1423381455?i=1423381463&uo=4&app=itunes&at=1l3v3es
199,https://itunes.apple.com/jp/album/id575639190?i=575639329&uo=4&app=itunes&at=1l3v3es
200,https://itunes.apple.com/jp/album/id1456062834?i=1456063412&uo=4&app=itunes&at=1l3v3es
201,https://itunes.apple.com/jp/album/id1533193061?i=1533193064&uo=4&app=itunes&at=1l3v3es
202,https://itunes.apple.com/jp/album/id575639190?i=575639331&uo=4&app=itunes&at=1l3v3es
203,https://itunes.apple.com/jp/album/id1525539754?i=1525540127&uo=4&app=itunes&at=1l3v3es
204,https://itunes.apple.com/jp/album/id1532240365?i=1532240374&uo=4&app=itunes&at=1l3v3es
205,https://itunes.apple.com/jp/album/id1059632443?i=1059632448&uo=4&app=itunes&at=1l3v3es
206,https://itunes.apple.com/jp/album/id1534697666?i=1534697667&uo=4&app=itunes&at=1l3v3es
207,https://itunes.apple.com/jp/album/id907354369?i=907354529&uo=4&app=itunes&at=1l3v3es
208,https://itunes.apple.com/jp/album/id1231374311?i=1231374318&uo=4&app=itunes&at=1l3v3es
209,https://itunes.apple.com/jp/album/id1522636808?i=1522636810&uo=4&app=itunes&at=1l3v3es
210,https://itunes.apple.com/jp/album/id1519410580?i=1519410587&uo=4&app=itunes&at=1l3v3es
211,https://itunes.apple.com/jp/album/id1510476293?i=1510476618&uo=4&app=itunes&at=1l3v3es
212,https://itunes.apple.com/jp/album/id1059661885?i=1059662340&uo=4&app=itunes&at=1l3v3es
213,https://itunes.apple.com/jp/album/id1522832464?i=1522832465&uo=4&app=itunes&at=1l3v3es
214,https://itunes.apple.com/jp/album/id1527402897?i=1527403418&uo=4&app=itunes&at=1l3v3es
215,https://itunes.apple.com/jp/album/id1486694398?i=1486694399&uo=4&app=itunes&at=1l3v3es
216,https://itunes.apple.com/jp/album/id194047161?i=194049278&uo=4&app=itunes&at=1l3v3es
217,https://itunes.apple.com/jp/album/id1317721891?i=1317721894&uo=4&app=itunes&at=1l3v3es
218,https://itunes.apple.com/jp/album/id770736417?i=770736439&uo=4&app=itunes&at=1l3v3es
219,https://itunes.apple.com/jp/album/id1503165315?i=1503165316&uo=4&app=itunes&at=1l3v3es
220,https://itunes.apple.com/jp/album/id1525539754?i=1525540121&uo=4&app=itunes&at=1l3v3es
221,https://itunes.apple.com/jp/album/id1535412387?i=1535412388&uo=4&app=itunes&at=1l3v3es
222,https://itunes.apple.com/jp/album/id1468137281?i=1468137287&uo=4&app=itunes&at=1l3v3es
223,https://itunes.apple.com/jp/album/id1439392774?i=1439392776&uo=4&app=itunes&at=1l3v3es
224,https://itunes.apple.com/jp/album/id1534199321?i=1534199328&uo=4&app=itunes&at=1l3v3es
225,https://itunes.apple.com/jp/album/id1530323901?i=1530323902&uo=4&app=itunes&at=1l3v3es
226,https://itunes.apple.com/jp/album/id1438498572?i=1438498573&uo=4&app=itunes&at=1l3v3es
227,https://itunes.apple.com/jp/album/id1218860381?i=1218860394&uo=4&app=itunes&at=1l3v3es
228,https://itunes.apple.com/jp/album/id1534243556?i=1534243557&uo=4&app=itunes&at=1l3v3es
229,https://itunes.apple.com/jp/album/id1031470090?i=1031470155&uo=4&app=itunes&at=1l3v3es
230,https://itunes.apple.com/jp/album/id1535123741?i=1535123742&uo=4&app=itunes&at=1l3v3es
231,https://itunes.apple.com/jp/album/id1532177947?i=1532177949&uo=4&app=itunes&at=1l3v3es
232,https://itunes.apple.com/jp/album/id1534620182?i=1534620183&uo=4&app=itunes&at=1l3v3es
